"LOCATION","INDICATOR","SUBJECT","MEASURE","FREQUENCY","TIME","Value","Flag Codes"
"AUS","POP","TOT","MLN_PER","A","1979",14.51573,
"AUS","POP","TOT","MLN_PER","A","1980",14.69536,
"AUS","POP","TOT","MLN_PER","A","1981",14.92326,
"AUS","POP","TOT","MLN_PER","A","1982",15.18425,
"AUS","POP","TOT","MLN_PER","A","1983",15.39347,
"AUS","POP","TOT","MLN_PER","A","1984",15.57939,
"AUS","POP","TOT","MLN_PER","A","1985",15.78831,
"AUS","POP","TOT","MLN_PER","A","1986",16.01835,
"AUS","POP","TOT","MLN_PER","A","1987",16.26387,
"AUS","POP","TOT","MLN_PER","A","1988",16.53216,
"AUS","POP","TOT","MLN_PER","A","1989",16.81442,
"AUS","POP","TOT","MLN_PER","A","1990",17.06513,
"AUS","POP","TOT","MLN_PER","A","1991",17.28404,
"AUS","POP","TOT","MLN_PER","A","1992",17.479,
"AUS","POP","TOT","MLN_PER","A","1993",17.635,
"AUS","POP","TOT","MLN_PER","A","1994",17.805,
"AUS","POP","TOT","MLN_PER","A","1995",18.005,
"AUS","POP","TOT","MLN_PER","A","1996",18.225,
"AUS","POP","TOT","MLN_PER","A","1997",18.423,
"AUS","POP","TOT","MLN_PER","A","1998",18.608,
"AUS","POP","TOT","MLN_PER","A","1999",18.812,
"AUS","POP","TOT","MLN_PER","A","2000",19.029,
"AUS","POP","TOT","MLN_PER","A","2001",19.275,
"AUS","POP","TOT","MLN_PER","A","2002",19.495,
"AUS","POP","TOT","MLN_PER","A","2003",19.721,
"AUS","POP","TOT","MLN_PER","A","2004",19.933,
"AUS","POP","TOT","MLN_PER","A","2005",20.177,
"AUS","POP","TOT","MLN_PER","A","2006",20.451,
"AUS","POP","TOT","MLN_PER","A","2007",20.828,
"AUS","POP","TOT","MLN_PER","A","2008",21.249,
"AUS","POP","TOT","MLN_PER","A","2009",21.692,
"AUS","POP","TOT","MLN_PER","A","2010",22.032,
"AUS","POP","TOT","MLN_PER","A","2011",22.34,
"AUS","POP","TOT","MLN_PER","A","2012",22.724,
"AUS","POP","TOT","MLN_PER","A","2013",23.131,
"AUT","POP","TOT","MLN_PER","A","1979",7.549424,
"AUT","POP","TOT","MLN_PER","A","1980",7.549432,
"AUT","POP","TOT","MLN_PER","A","1981",7.56871,
"AUT","POP","TOT","MLN_PER","A","1982",7.574139,
"AUT","POP","TOT","MLN_PER","A","1983",7.56191,
"AUT","POP","TOT","MLN_PER","A","1984",7.561434,
"AUT","POP","TOT","MLN_PER","A","1985",7.564984,
"AUT","POP","TOT","MLN_PER","A","1986",7.569794,
"AUT","POP","TOT","MLN_PER","A","1987",7.574585,
"AUT","POP","TOT","MLN_PER","A","1988",7.585317,
"AUT","POP","TOT","MLN_PER","A","1989",7.619566,
"AUT","POP","TOT","MLN_PER","A","1990",7.67785,
"AUT","POP","TOT","MLN_PER","A","1991",7.75489,
"AUT","POP","TOT","MLN_PER","A","1992",7.840709,
"AUT","POP","TOT","MLN_PER","A","1993",7.905632,
"AUT","POP","TOT","MLN_PER","A","1994",7.936117,
"AUT","POP","TOT","MLN_PER","A","1995",7.948278,
"AUT","POP","TOT","MLN_PER","A","1996",7.959016,
"AUT","POP","TOT","MLN_PER","A","1997",7.968041,
"AUT","POP","TOT","MLN_PER","A","1998",7.976788,
"AUT","POP","TOT","MLN_PER","A","1999",7.992323,
"AUT","POP","TOT","MLN_PER","A","2000",8.011566,
"AUT","POP","TOT","MLN_PER","A","2001",8.042293,
"AUT","POP","TOT","MLN_PER","A","2002",8.082121,
"AUT","POP","TOT","MLN_PER","A","2003",8.118245,
"AUT","POP","TOT","MLN_PER","A","2004",8.169441,
"AUT","POP","TOT","MLN_PER","A","2005",8.225278,
"AUT","POP","TOT","MLN_PER","A","2006",8.267948,
"AUT","POP","TOT","MLN_PER","A","2007",8.295189,
"AUT","POP","TOT","MLN_PER","A","2008",8.321541,
"AUT","POP","TOT","MLN_PER","A","2009",8.341483,
"AUT","POP","TOT","MLN_PER","A","2010",8.361069,
"AUT","POP","TOT","MLN_PER","A","2011",8.388534,
"AUT","POP","TOT","MLN_PER","A","2012",8.426311,
"AUT","POP","TOT","MLN_PER","A","2013",8.46857,"B"
"BEL","POP","TOT","MLN_PER","A","1979",9.848382,
"BEL","POP","TOT","MLN_PER","A","1980",9.859242,
"BEL","POP","TOT","MLN_PER","A","1981",9.858981,
"BEL","POP","TOT","MLN_PER","A","1982",9.856303,
"BEL","POP","TOT","MLN_PER","A","1983",9.85552,
"BEL","POP","TOT","MLN_PER","A","1984",9.855372,
"BEL","POP","TOT","MLN_PER","A","1985",9.858308,
"BEL","POP","TOT","MLN_PER","A","1986",9.861823,
"BEL","POP","TOT","MLN_PER","A","1987",9.870233,
"BEL","POP","TOT","MLN_PER","A","1988",9.901664,
"BEL","POP","TOT","MLN_PER","A","1989",9.937697,
"BEL","POP","TOT","MLN_PER","A","1990",9.967378,
"BEL","POP","TOT","MLN_PER","A","1991",10.00449,
"BEL","POP","TOT","MLN_PER","A","1992",10.04516,
"BEL","POP","TOT","MLN_PER","A","1993",10.08447,
"BEL","POP","TOT","MLN_PER","A","1994",10.1156,
"BEL","POP","TOT","MLN_PER","A","1995",10.13681,
"BEL","POP","TOT","MLN_PER","A","1996",10.15664,
"BEL","POP","TOT","MLN_PER","A","1997",10.18125,
"BEL","POP","TOT","MLN_PER","A","1998",10.20301,
"BEL","POP","TOT","MLN_PER","A","1999",10.22642,
"BEL","POP","TOT","MLN_PER","A","2000",10.25125,
"BEL","POP","TOT","MLN_PER","A","2001",10.28657,
"BEL","POP","TOT","MLN_PER","A","2002",10.33278,
"BEL","POP","TOT","MLN_PER","A","2003",10.37613,
"BEL","POP","TOT","MLN_PER","A","2004",10.42114,
"BEL","POP","TOT","MLN_PER","A","2005",10.47862,
"BEL","POP","TOT","MLN_PER","A","2006",10.54796,
"BEL","POP","TOT","MLN_PER","A","2007",10.6257,
"BEL","POP","TOT","MLN_PER","A","2008",10.70997,
"BEL","POP","TOT","MLN_PER","A","2009",10.79649,
"BEL","POP","TOT","MLN_PER","A","2010",10.92027,
"BEL","POP","TOT","MLN_PER","A","2011",11.04774,
"BEL","POP","TOT","MLN_PER","A","2012",11.12825,
"BEL","POP","TOT","MLN_PER","A","2013",11.17844,
"CAN","POP","TOT","MLN_PER","A","1979",24.202,
"CAN","POP","TOT","MLN_PER","A","1980",24.516,
"CAN","POP","TOT","MLN_PER","A","1981",24.82,
"CAN","POP","TOT","MLN_PER","A","1982",25.117,
"CAN","POP","TOT","MLN_PER","A","1983",25.366,
"CAN","POP","TOT","MLN_PER","A","1984",25.607,
"CAN","POP","TOT","MLN_PER","A","1985",25.842,
"CAN","POP","TOT","MLN_PER","A","1986",26.1,
"CAN","POP","TOT","MLN_PER","A","1987",26.447,
"CAN","POP","TOT","MLN_PER","A","1988",26.792,
"CAN","POP","TOT","MLN_PER","A","1989",27.277,
"CAN","POP","TOT","MLN_PER","A","1990",27.69114,
"CAN","POP","TOT","MLN_PER","A","1991",28.03742,
"CAN","POP","TOT","MLN_PER","A","1992",28.37126,
"CAN","POP","TOT","MLN_PER","A","1993",28.68476,
"CAN","POP","TOT","MLN_PER","A","1994",29.00066,
"CAN","POP","TOT","MLN_PER","A","1995",29.30231,
"CAN","POP","TOT","MLN_PER","A","1996",29.61022,
"CAN","POP","TOT","MLN_PER","A","1997",29.90595,
"CAN","POP","TOT","MLN_PER","A","1998",30.15517,
"CAN","POP","TOT","MLN_PER","A","1999",30.40129,
"CAN","POP","TOT","MLN_PER","A","2000",30.68573,
"CAN","POP","TOT","MLN_PER","A","2001",31.01902,
"CAN","POP","TOT","MLN_PER","A","2002",31.35366,
"CAN","POP","TOT","MLN_PER","A","2003",31.63967,
"CAN","POP","TOT","MLN_PER","A","2004",31.94068,
"CAN","POP","TOT","MLN_PER","A","2005",32.24521,
"CAN","POP","TOT","MLN_PER","A","2006",32.57607,
"CAN","POP","TOT","MLN_PER","A","2007",32.92752,
"CAN","POP","TOT","MLN_PER","A","2008",33.31766,
"CAN","POP","TOT","MLN_PER","A","2009",33.72691,
"CAN","POP","TOT","MLN_PER","A","2010",34.12655,
"CAN","POP","TOT","MLN_PER","A","2011",34.48398,
"CAN","POP","TOT","MLN_PER","A","2012",34.88049,"B"
"CAN","POP","TOT","MLN_PER","A","2013",35.158,
"CZE","POP","TOT","MLN_PER","A","1979",10.29649,
"CZE","POP","TOT","MLN_PER","A","1980",10.32679,
"CZE","POP","TOT","MLN_PER","A","1981",10.30321,
"CZE","POP","TOT","MLN_PER","A","1982",10.31432,
"CZE","POP","TOT","MLN_PER","A","1983",10.32282,
"CZE","POP","TOT","MLN_PER","A","1984",10.33048,
"CZE","POP","TOT","MLN_PER","A","1985",10.33674,
"CZE","POP","TOT","MLN_PER","A","1986",10.34074,
"CZE","POP","TOT","MLN_PER","A","1987",10.34883,
"CZE","POP","TOT","MLN_PER","A","1988",10.35636,
"CZE","POP","TOT","MLN_PER","A","1989",10.36226,
"CZE","POP","TOT","MLN_PER","A","1990",10.36274,
"CZE","POP","TOT","MLN_PER","A","1991",10.30868,
"CZE","POP","TOT","MLN_PER","A","1992",10.31781,
"CZE","POP","TOT","MLN_PER","A","1993",10.33061,
"CZE","POP","TOT","MLN_PER","A","1994",10.33616,
"CZE","POP","TOT","MLN_PER","A","1995",10.33076,
"CZE","POP","TOT","MLN_PER","A","1996",10.31535,
"CZE","POP","TOT","MLN_PER","A","1997",10.30364,
"CZE","POP","TOT","MLN_PER","A","1998",10.29494,
"CZE","POP","TOT","MLN_PER","A","1999",10.28278,
"CZE","POP","TOT","MLN_PER","A","2000",10.2725,
"CZE","POP","TOT","MLN_PER","A","2001",10.22419,
"CZE","POP","TOT","MLN_PER","A","2002",10.20077,
"CZE","POP","TOT","MLN_PER","A","2003",10.20165,
"CZE","POP","TOT","MLN_PER","A","2004",10.20692,
"CZE","POP","TOT","MLN_PER","A","2005",10.23409,
"CZE","POP","TOT","MLN_PER","A","2006",10.26665,
"CZE","POP","TOT","MLN_PER","A","2007",10.32269,
"CZE","POP","TOT","MLN_PER","A","2008",10.42969,
"CZE","POP","TOT","MLN_PER","A","2009",10.49149,
"CZE","POP","TOT","MLN_PER","A","2010",10.51725,
"CZE","POP","TOT","MLN_PER","A","2011",10.49667,
"CZE","POP","TOT","MLN_PER","A","2012",10.50929,
"CZE","POP","TOT","MLN_PER","A","2013",10.51072,
"CZE","POP","TOT","MLN_PER","A","2014",10.52478,
"DNK","POP","TOT","MLN_PER","A","1979",5.1168,
"DNK","POP","TOT","MLN_PER","A","1980",5.123027,
"DNK","POP","TOT","MLN_PER","A","1981",5.121572,
"DNK","POP","TOT","MLN_PER","A","1982",5.117809,
"DNK","POP","TOT","MLN_PER","A","1983",5.114297,
"DNK","POP","TOT","MLN_PER","A","1984",5.111619,
"DNK","POP","TOT","MLN_PER","A","1985",5.11369,
"DNK","POP","TOT","MLN_PER","A","1986",5.120533,
"DNK","POP","TOT","MLN_PER","A","1987",5.127024,
"DNK","POP","TOT","MLN_PER","A","1988",5.129515,
"DNK","POP","TOT","MLN_PER","A","1989",5.132593,
"DNK","POP","TOT","MLN_PER","A","1990",5.140939,
"DNK","POP","TOT","MLN_PER","A","1991",5.154297,
"DNK","POP","TOT","MLN_PER","A","1992",5.17137,
"DNK","POP","TOT","MLN_PER","A","1993",5.188628,
"DNK","POP","TOT","MLN_PER","A","1994",5.20618,
"DNK","POP","TOT","MLN_PER","A","1995",5.233372,
"DNK","POP","TOT","MLN_PER","A","1996",5.263073,
"DNK","POP","TOT","MLN_PER","A","1997",5.28499,
"DNK","POP","TOT","MLN_PER","A","1998",5.304218,
"DNK","POP","TOT","MLN_PER","A","1999",5.321798,
"DNK","POP","TOT","MLN_PER","A","2000",5.339615,
"DNK","POP","TOT","MLN_PER","A","2001",5.358782,
"DNK","POP","TOT","MLN_PER","A","2002",5.37593,
"DNK","POP","TOT","MLN_PER","A","2003",5.390573,
"DNK","POP","TOT","MLN_PER","A","2004",5.404522,
"DNK","POP","TOT","MLN_PER","A","2005",5.419432,
"DNK","POP","TOT","MLN_PER","A","2006",5.437271,
"DNK","POP","TOT","MLN_PER","A","2007",5.461437,
"DNK","POP","TOT","MLN_PER","A","2008",5.493621,
"DNK","POP","TOT","MLN_PER","A","2009",5.523094,
"DNK","POP","TOT","MLN_PER","A","2010",5.547683,
"DNK","POP","TOT","MLN_PER","A","2011",5.570572,
"DNK","POP","TOT","MLN_PER","A","2012",5.591572,"B"
"FIN","POP","TOT","MLN_PER","A","1979",4.765,
"FIN","POP","TOT","MLN_PER","A","1980",4.779,
"FIN","POP","TOT","MLN_PER","A","1981",4.8,
"FIN","POP","TOT","MLN_PER","A","1982",4.827,
"FIN","POP","TOT","MLN_PER","A","1983",4.856,
"FIN","POP","TOT","MLN_PER","A","1984",4.882,
"FIN","POP","TOT","MLN_PER","A","1985",4.902,
"FIN","POP","TOT","MLN_PER","A","1986",4.918,
"FIN","POP","TOT","MLN_PER","A","1987",4.932,
"FIN","POP","TOT","MLN_PER","A","1988",4.947,
"FIN","POP","TOT","MLN_PER","A","1989",4.964,
"FIN","POP","TOT","MLN_PER","A","1990",4.986,
"FIN","POP","TOT","MLN_PER","A","1991",5.014,
"FIN","POP","TOT","MLN_PER","A","1992",5.042,
"FIN","POP","TOT","MLN_PER","A","1993",5.066,
"FIN","POP","TOT","MLN_PER","A","1994",5.088,
"FIN","POP","TOT","MLN_PER","A","1995",5.108,
"FIN","POP","TOT","MLN_PER","A","1996",5.125,
"FIN","POP","TOT","MLN_PER","A","1997",5.14,
"FIN","POP","TOT","MLN_PER","A","1998",5.153,
"FIN","POP","TOT","MLN_PER","A","1999",5.165,
"FIN","POP","TOT","MLN_PER","A","2000",5.176,
"FIN","POP","TOT","MLN_PER","A","2001",5.188,
"FIN","POP","TOT","MLN_PER","A","2002",5.201,
"FIN","POP","TOT","MLN_PER","A","2003",5.213,
"FIN","POP","TOT","MLN_PER","A","2004",5.228,
"FIN","POP","TOT","MLN_PER","A","2005",5.246,
"FIN","POP","TOT","MLN_PER","A","2006",5.267,
"FIN","POP","TOT","MLN_PER","A","2007",5.289,
"FIN","POP","TOT","MLN_PER","A","2008",5.313,
"FIN","POP","TOT","MLN_PER","A","2009",5.339,
"FIN","POP","TOT","MLN_PER","A","2010",5.363,
"FIN","POP","TOT","MLN_PER","A","2011",5.388,
"FIN","POP","TOT","MLN_PER","A","2012",5.414,
"FIN","POP","TOT","MLN_PER","A","2013",5.439,
"FIN","POP","TOT","MLN_PER","A","2014",5.472,
"FRA","POP","TOT","MLN_PER","A","1979",53.60623,
"FRA","POP","TOT","MLN_PER","A","1980",53.88001,
"FRA","POP","TOT","MLN_PER","A","1981",54.18182,
"FRA","POP","TOT","MLN_PER","A","1982",54.49249,
"FRA","POP","TOT","MLN_PER","A","1983",54.77242,
"FRA","POP","TOT","MLN_PER","A","1984",55.02608,
"FRA","POP","TOT","MLN_PER","A","1985",55.28427,
"FRA","POP","TOT","MLN_PER","A","1986",55.54651,
"FRA","POP","TOT","MLN_PER","A","1987",55.82396,
"FRA","POP","TOT","MLN_PER","A","1988",56.11798,
"FRA","POP","TOT","MLN_PER","A","1989",56.42341,
"FRA","POP","TOT","MLN_PER","A","1990",56.70883,
"FRA","POP","TOT","MLN_PER","A","1991",56.9756,
"FRA","POP","TOT","MLN_PER","A","1992",57.23985,
"FRA","POP","TOT","MLN_PER","A","1993",57.46709,
"FRA","POP","TOT","MLN_PER","A","1994",57.65877,
"FRA","POP","TOT","MLN_PER","A","1995",57.84425,
"FRA","POP","TOT","MLN_PER","A","1996",58.02599,
"FRA","POP","TOT","MLN_PER","A","1997",58.20749,
"FRA","POP","TOT","MLN_PER","A","1998",58.39779,
"FRA","POP","TOT","MLN_PER","A","1999",58.67741,
"FRA","POP","TOT","MLN_PER","A","2000",59.06239,
"FRA","POP","TOT","MLN_PER","A","2001",59.47623,
"FRA","POP","TOT","MLN_PER","A","2002",59.89387,
"FRA","POP","TOT","MLN_PER","A","2003",60.30363,
"FRA","POP","TOT","MLN_PER","A","2004",60.73434,
"FRA","POP","TOT","MLN_PER","A","2005",61.1815,
"FRA","POP","TOT","MLN_PER","A","2006",61.59748,
"FRA","POP","TOT","MLN_PER","A","2007",61.96505,
"FRA","POP","TOT","MLN_PER","A","2008",62.30029,
"FRA","POP","TOT","MLN_PER","A","2009",62.61547,
"FRA","POP","TOT","MLN_PER","A","2010",62.91779,
"FRA","POP","TOT","MLN_PER","A","2011",63.22316,
"FRA","POP","TOT","MLN_PER","A","2012",63.514,
"FRA","POP","TOT","MLN_PER","A","2013",63.78614,
"DEU","POP","TOT","MLN_PER","A","1979",61.359,
"DEU","POP","TOT","MLN_PER","A","1980",61.566,
"DEU","POP","TOT","MLN_PER","A","1981",61.682,
"DEU","POP","TOT","MLN_PER","A","1982",61.638,
"DEU","POP","TOT","MLN_PER","A","1983",61.423,"B"
"DEU","POP","TOT","MLN_PER","A","1984",61.175,
"DEU","POP","TOT","MLN_PER","A","1985",61.024,
"DEU","POP","TOT","MLN_PER","A","1986",61.066,"B"
"DEU","POP","TOT","MLN_PER","A","1987",61.077,
"DEU","POP","TOT","MLN_PER","A","1988",61.45,
"DEU","POP","TOT","MLN_PER","A","1989",62.063,
"DEU","POP","TOT","MLN_PER","A","1990",63.254,"B"
"DEU","POP","TOT","MLN_PER","A","1991",79.984,
"DEU","POP","TOT","MLN_PER","A","1992",80.595,
"DEU","POP","TOT","MLN_PER","A","1993",81.179,
"DEU","POP","TOT","MLN_PER","A","1994",81.422,
"DEU","POP","TOT","MLN_PER","A","1995",81.661,
"DEU","POP","TOT","MLN_PER","A","1996",81.895,
"DEU","POP","TOT","MLN_PER","A","1997",82.052,
"DEU","POP","TOT","MLN_PER","A","1998",82.029,"B"
"DEU","POP","TOT","MLN_PER","A","1999",82.024,
"DEU","POP","TOT","MLN_PER","A","2000",82.16,
"DEU","POP","TOT","MLN_PER","A","2001",82.277,
"DEU","POP","TOT","MLN_PER","A","2002",82.456,
"DEU","POP","TOT","MLN_PER","A","2003",82.502,
"DEU","POP","TOT","MLN_PER","A","2004",82.491,
"DEU","POP","TOT","MLN_PER","A","2005",82.465,
"DEU","POP","TOT","MLN_PER","A","2006",82.369,
"DEU","POP","TOT","MLN_PER","A","2007",82.257,
"DEU","POP","TOT","MLN_PER","A","2008",82.135,
"DEU","POP","TOT","MLN_PER","A","2009",81.904,
"DEU","POP","TOT","MLN_PER","A","2010",81.715,
"DEU","POP","TOT","MLN_PER","A","2011",81.755,
"DEU","POP","TOT","MLN_PER","A","2012",81.913,
"DEU","POP","TOT","MLN_PER","A","2013",82.105,
"GRC","POP","TOT","MLN_PER","A","1979",9.548258,
"GRC","POP","TOT","MLN_PER","A","1980",9.642505,
"GRC","POP","TOT","MLN_PER","A","1981",9.72935,
"GRC","POP","TOT","MLN_PER","A","1982",9.789513,
"GRC","POP","TOT","MLN_PER","A","1983",9.846627,
"GRC","POP","TOT","MLN_PER","A","1984",9.895801,
"GRC","POP","TOT","MLN_PER","A","1985",9.9343,
"GRC","POP","TOT","MLN_PER","A","1986",9.967213,
"GRC","POP","TOT","MLN_PER","A","1987",10.00059,
"GRC","POP","TOT","MLN_PER","A","1988",10.03698,
"GRC","POP","TOT","MLN_PER","A","1989",10.0895,
"GRC","POP","TOT","MLN_PER","A","1990",10.1569,
"GRC","POP","TOT","MLN_PER","A","1991",10.25629,
"GRC","POP","TOT","MLN_PER","A","1992",10.36987,
"GRC","POP","TOT","MLN_PER","A","1993",10.46553,
"GRC","POP","TOT","MLN_PER","A","1994",10.55304,
"GRC","POP","TOT","MLN_PER","A","1995",10.63438,
"GRC","POP","TOT","MLN_PER","A","1996",10.70917,
"GRC","POP","TOT","MLN_PER","A","1997",10.7765,
"GRC","POP","TOT","MLN_PER","A","1998",10.83488,
"GRC","POP","TOT","MLN_PER","A","1999",10.88258,
"GRC","POP","TOT","MLN_PER","A","2000",10.91748,
"GRC","POP","TOT","MLN_PER","A","2001",10.95,
"GRC","POP","TOT","MLN_PER","A","2002",10.983,
"GRC","POP","TOT","MLN_PER","A","2003",11.016,
"GRC","POP","TOT","MLN_PER","A","2004",11.057,
"GRC","POP","TOT","MLN_PER","A","2005",11.093,
"GRC","POP","TOT","MLN_PER","A","2006",11.131,
"GRC","POP","TOT","MLN_PER","A","2007",11.163,
"GRC","POP","TOT","MLN_PER","A","2008",11.186,
"GRC","POP","TOT","MLN_PER","A","2009",11.185,
"GRC","POP","TOT","MLN_PER","A","2010",11.153,
"GRC","POP","TOT","MLN_PER","A","2011",11.124,
"GRC","POP","TOT","MLN_PER","A","2012",11.09,"B"
"HUN","POP","TOT","MLN_PER","A","1979",10.711,
"HUN","POP","TOT","MLN_PER","A","1980",10.711,
"HUN","POP","TOT","MLN_PER","A","1981",10.712,
"HUN","POP","TOT","MLN_PER","A","1982",10.706,
"HUN","POP","TOT","MLN_PER","A","1983",10.689,
"HUN","POP","TOT","MLN_PER","A","1984",10.668,
"HUN","POP","TOT","MLN_PER","A","1985",10.649,
"HUN","POP","TOT","MLN_PER","A","1986",10.631,
"HUN","POP","TOT","MLN_PER","A","1987",10.613,
"HUN","POP","TOT","MLN_PER","A","1988",10.596,
"HUN","POP","TOT","MLN_PER","A","1989",10.578,
"HUN","POP","TOT","MLN_PER","A","1990",10.374,
"HUN","POP","TOT","MLN_PER","A","1991",10.373,
"HUN","POP","TOT","MLN_PER","A","1992",10.369,
"HUN","POP","TOT","MLN_PER","A","1993",10.358,
"HUN","POP","TOT","MLN_PER","A","1994",10.343,
"HUN","POP","TOT","MLN_PER","A","1995",10.329,
"HUN","POP","TOT","MLN_PER","A","1996",10.311,
"HUN","POP","TOT","MLN_PER","A","1997",10.29,
"HUN","POP","TOT","MLN_PER","A","1998",10.267,
"HUN","POP","TOT","MLN_PER","A","1999",10.238,
"HUN","POP","TOT","MLN_PER","A","2000",10.211,
"HUN","POP","TOT","MLN_PER","A","2001",10.188,
"HUN","POP","TOT","MLN_PER","A","2002",10.159,
"HUN","POP","TOT","MLN_PER","A","2003",10.13,
"HUN","POP","TOT","MLN_PER","A","2004",10.107,
"HUN","POP","TOT","MLN_PER","A","2005",10.087,"B"
"HUN","POP","TOT","MLN_PER","A","2006",10.071,
"HUN","POP","TOT","MLN_PER","A","2007",10.056,
"HUN","POP","TOT","MLN_PER","A","2008",10.038,
"HUN","POP","TOT","MLN_PER","A","2009",10.023,
"HUN","POP","TOT","MLN_PER","A","2010",10,
"HUN","POP","TOT","MLN_PER","A","2011",9.972,
"HUN","POP","TOT","MLN_PER","A","2012",9.92,
"HUN","POP","TOT","MLN_PER","A","2013",9.893,
"HUN","POP","TOT","MLN_PER","A","2014",9.863,
"ISL","POP","TOT","MLN_PER","A","1979",0.2257,
"ISL","POP","TOT","MLN_PER","A","1980",0.2281,
"ISL","POP","TOT","MLN_PER","A","1981",0.2308,
"ISL","POP","TOT","MLN_PER","A","1982",0.234,
"ISL","POP","TOT","MLN_PER","A","1983",0.237,
"ISL","POP","TOT","MLN_PER","A","1984",0.2395,
"ISL","POP","TOT","MLN_PER","A","1985",0.2414,
"ISL","POP","TOT","MLN_PER","A","1986",0.2432,
"ISL","POP","TOT","MLN_PER","A","1987",0.246,
"ISL","POP","TOT","MLN_PER","A","1988",0.2499,
"ISL","POP","TOT","MLN_PER","A","1989",0.2527,
"ISL","POP","TOT","MLN_PER","A","1990",0.2548,
"ISL","POP","TOT","MLN_PER","A","1991",0.258,
"ISL","POP","TOT","MLN_PER","A","1992",0.2611,
"ISL","POP","TOT","MLN_PER","A","1993",0.2638,
"ISL","POP","TOT","MLN_PER","A","1994",0.266,
"ISL","POP","TOT","MLN_PER","A","1995",0.2674,
"ISL","POP","TOT","MLN_PER","A","1996",0.2689,
"ISL","POP","TOT","MLN_PER","A","1997",0.2709,
"ISL","POP","TOT","MLN_PER","A","1998",0.2738,
"ISL","POP","TOT","MLN_PER","A","1999",0.2772,
"ISL","POP","TOT","MLN_PER","A","2000",0.2812,
"ISL","POP","TOT","MLN_PER","A","2001",0.285054,
"ISL","POP","TOT","MLN_PER","A","2002",0.287559,
"ISL","POP","TOT","MLN_PER","A","2003",0.289272,
"ISL","POP","TOT","MLN_PER","A","2004",0.292587,
"ISL","POP","TOT","MLN_PER","A","2005",0.295864,
"ISL","POP","TOT","MLN_PER","A","2006",0.304334,
"ISL","POP","TOT","MLN_PER","A","2007",0.311396,
"ISL","POP","TOT","MLN_PER","A","2008",0.319355,
"ISL","POP","TOT","MLN_PER","A","2009",0.319246,
"ISL","POP","TOT","MLN_PER","A","2010",0.318006,
"ISL","POP","TOT","MLN_PER","A","2011",0.319014,
"ISL","POP","TOT","MLN_PER","A","2012",0.320716,
"ISL","POP","TOT","MLN_PER","A","2013",0.323764,
"IRL","POP","TOT","MLN_PER","A","1979",3.3682,
"IRL","POP","TOT","MLN_PER","A","1980",3.401,
"IRL","POP","TOT","MLN_PER","A","1981",3.4434,
"IRL","POP","TOT","MLN_PER","A","1982",3.48,
"IRL","POP","TOT","MLN_PER","A","1983",3.504,
"IRL","POP","TOT","MLN_PER","A","1984",3.529,
"IRL","POP","TOT","MLN_PER","A","1985",3.54,
"IRL","POP","TOT","MLN_PER","A","1986",3.5406,
"IRL","POP","TOT","MLN_PER","A","1987",3.5465,
"IRL","POP","TOT","MLN_PER","A","1988",3.5307,
"IRL","POP","TOT","MLN_PER","A","1989",3.5095,
"IRL","POP","TOT","MLN_PER","A","1990",3.5058,
"IRL","POP","TOT","MLN_PER","A","1991",3.5257,
"IRL","POP","TOT","MLN_PER","A","1992",3.5545,
"IRL","POP","TOT","MLN_PER","A","1993",3.5741,
"IRL","POP","TOT","MLN_PER","A","1994",3.5859,
"IRL","POP","TOT","MLN_PER","A","1995",3.6013,
"IRL","POP","TOT","MLN_PER","A","1996",3.6261,
"IRL","POP","TOT","MLN_PER","A","1997",3.6643,
"IRL","POP","TOT","MLN_PER","A","1998",3.7031,
"IRL","POP","TOT","MLN_PER","A","1999",3.7416,
"IRL","POP","TOT","MLN_PER","A","2000",3.7895,
"IRL","POP","TOT","MLN_PER","A","2001",3.8472,
"IRL","POP","TOT","MLN_PER","A","2002",3.9172,
"IRL","POP","TOT","MLN_PER","A","2003",3.9799,
"IRL","POP","TOT","MLN_PER","A","2004",4.0452,
"IRL","POP","TOT","MLN_PER","A","2005",4.1338,
"IRL","POP","TOT","MLN_PER","A","2006",4.2329,
"IRL","POP","TOT","MLN_PER","A","2007",4.3758,
"IRL","POP","TOT","MLN_PER","A","2008",4.4851,
"IRL","POP","TOT","MLN_PER","A","2009",4.5334,
"IRL","POP","TOT","MLN_PER","A","2010",4.5548,
"IRL","POP","TOT","MLN_PER","A","2011",4.5749,
"IRL","POP","TOT","MLN_PER","A","2012",4.5854,
"IRL","POP","TOT","MLN_PER","A","2013",4.5931,
"IRL","POP","TOT","MLN_PER","A","2014",4.6099,
"ITA","POP","TOT","MLN_PER","A","1979",55.602,
"ITA","POP","TOT","MLN_PER","A","1980",55.657,
"ITA","POP","TOT","MLN_PER","A","1981",55.774,
"ITA","POP","TOT","MLN_PER","A","1982",55.995,
"ITA","POP","TOT","MLN_PER","A","1983",56.228,
"ITA","POP","TOT","MLN_PER","A","1984",56.344,
"ITA","POP","TOT","MLN_PER","A","1985",56.498,
"ITA","POP","TOT","MLN_PER","A","1986",56.576,
"ITA","POP","TOT","MLN_PER","A","1987",56.664,
"ITA","POP","TOT","MLN_PER","A","1988",56.763,
"ITA","POP","TOT","MLN_PER","A","1989",56.837,
"ITA","POP","TOT","MLN_PER","A","1990",56.737,
"ITA","POP","TOT","MLN_PER","A","1991",56.76,
"ITA","POP","TOT","MLN_PER","A","1992",56.859,"B"
"ITA","POP","TOT","MLN_PER","A","1993",56.44193,
"ITA","POP","TOT","MLN_PER","A","1994",56.62339,
"ITA","POP","TOT","MLN_PER","A","1995",56.74459,
"ITA","POP","TOT","MLN_PER","A","1996",56.82645,
"ITA","POP","TOT","MLN_PER","A","1997",56.94104,
"ITA","POP","TOT","MLN_PER","A","1998",57.04037,
"ITA","POP","TOT","MLN_PER","A","1999",57.078,
"ITA","POP","TOT","MLN_PER","A","2000",57.189,
"ITA","POP","TOT","MLN_PER","A","2001",57.348,
"ITA","POP","TOT","MLN_PER","A","2002",57.474,
"ITA","POP","TOT","MLN_PER","A","2003",57.478,
"ITA","POP","TOT","MLN_PER","A","2004",57.29746,
"ITA","POP","TOT","MLN_PER","A","2005",57.71593,
"ITA","POP","TOT","MLN_PER","A","2006",57.98418,
"ITA","POP","TOT","MLN_PER","A","2007",58.27189,
"ITA","POP","TOT","MLN_PER","A","2008",58.73968,
"ITA","POP","TOT","MLN_PER","A","2009",59.14009,
"ITA","POP","TOT","MLN_PER","A","2010",59.41965,
"ITA","POP","TOT","MLN_PER","A","2011",59.65969,
"ITA","POP","TOT","MLN_PER","A","2012",59.89803,
"ITA","POP","TOT","MLN_PER","A","2013",60.22473,
"ITA","POP","TOT","MLN_PER","A","2014",60.44791,
"JPN","POP","TOT","MLN_PER","A","1979",116.133,
"JPN","POP","TOT","MLN_PER","A","1980",117.06,
"JPN","POP","TOT","MLN_PER","A","1981",117.884,
"JPN","POP","TOT","MLN_PER","A","1982",118.693,
"JPN","POP","TOT","MLN_PER","A","1983",119.483,
"JPN","POP","TOT","MLN_PER","A","1984",120.235,
"JPN","POP","TOT","MLN_PER","A","1985",121.049,
"JPN","POP","TOT","MLN_PER","A","1986",121.672,
"JPN","POP","TOT","MLN_PER","A","1987",122.264,
"JPN","POP","TOT","MLN_PER","A","1988",122.783,
"JPN","POP","TOT","MLN_PER","A","1989",123.255,
"JPN","POP","TOT","MLN_PER","A","1990",123.611,
"JPN","POP","TOT","MLN_PER","A","1991",124.043,
"JPN","POP","TOT","MLN_PER","A","1992",124.452,
"JPN","POP","TOT","MLN_PER","A","1993",124.764,
"JPN","POP","TOT","MLN_PER","A","1994",125.034,
"JPN","POP","TOT","MLN_PER","A","1995",125.57,
"JPN","POP","TOT","MLN_PER","A","1996",125.864,
"JPN","POP","TOT","MLN_PER","A","1997",126.166,
"JPN","POP","TOT","MLN_PER","A","1998",126.4864,
"JPN","POP","TOT","MLN_PER","A","1999",126.686,
"JPN","POP","TOT","MLN_PER","A","2000",126.926,
"JPN","POP","TOT","MLN_PER","A","2001",127.291,
"JPN","POP","TOT","MLN_PER","A","2002",127.435,
"JPN","POP","TOT","MLN_PER","A","2003",127.619,
"JPN","POP","TOT","MLN_PER","A","2004",127.687,
"JPN","POP","TOT","MLN_PER","A","2005",127.768,
"JPN","POP","TOT","MLN_PER","A","2006",127.77,
"JPN","POP","TOT","MLN_PER","A","2007",127.771,
"JPN","POP","TOT","MLN_PER","A","2008",127.692,
"JPN","POP","TOT","MLN_PER","A","2009",127.51,
"JPN","POP","TOT","MLN_PER","A","2010",128.057,
"JPN","POP","TOT","MLN_PER","A","2011",127.799,
"JPN","POP","TOT","MLN_PER","A","2012",127.515,
"JPN","POP","TOT","MLN_PER","A","2013",127.298,
"KOR","POP","TOT","MLN_PER","A","1979",37.53423,
"KOR","POP","TOT","MLN_PER","A","1980",38.12377,
"KOR","POP","TOT","MLN_PER","A","1981",38.72325,
"KOR","POP","TOT","MLN_PER","A","1982",39.32635,
"KOR","POP","TOT","MLN_PER","A","1983",39.9104,
"KOR","POP","TOT","MLN_PER","A","1984",40.40596,
"KOR","POP","TOT","MLN_PER","A","1985",40.80574,
"KOR","POP","TOT","MLN_PER","A","1986",41.21368,
"KOR","POP","TOT","MLN_PER","A","1987",41.62169,
"KOR","POP","TOT","MLN_PER","A","1988",42.03125,
"KOR","POP","TOT","MLN_PER","A","1989",42.44904,
"KOR","POP","TOT","MLN_PER","A","1990",42.86928,
"KOR","POP","TOT","MLN_PER","A","1991",43.2957,
"KOR","POP","TOT","MLN_PER","A","1992",43.74796,
"KOR","POP","TOT","MLN_PER","A","1993",44.19463,
"KOR","POP","TOT","MLN_PER","A","1994",44.64154,
"KOR","POP","TOT","MLN_PER","A","1995",45.09299,
"KOR","POP","TOT","MLN_PER","A","1996",45.52468,
"KOR","POP","TOT","MLN_PER","A","1997",45.95358,
"KOR","POP","TOT","MLN_PER","A","1998",46.2865,
"KOR","POP","TOT","MLN_PER","A","1999",46.61668,
"KOR","POP","TOT","MLN_PER","A","2000",47.00811,
"KOR","POP","TOT","MLN_PER","A","2001",47.35736,
"KOR","POP","TOT","MLN_PER","A","2002",47.62218,
"KOR","POP","TOT","MLN_PER","A","2003",47.85931,
"KOR","POP","TOT","MLN_PER","A","2004",48.03941,
"KOR","POP","TOT","MLN_PER","A","2005",48.13808,
"KOR","POP","TOT","MLN_PER","A","2006",48.37195,
"KOR","POP","TOT","MLN_PER","A","2007",48.59765,
"KOR","POP","TOT","MLN_PER","A","2008",48.9487,
"KOR","POP","TOT","MLN_PER","A","2009",49.18204,
"KOR","POP","TOT","MLN_PER","A","2010",49.41037,"B"
"KOR","POP","TOT","MLN_PER","A","2011",49.77944,
"KOR","POP","TOT","MLN_PER","A","2012",50.00444,
"KOR","POP","TOT","MLN_PER","A","2013",50.22,
"LUX","POP","TOT","MLN_PER","A","1979",0.362855,
"LUX","POP","TOT","MLN_PER","A","1980",0.36415,
"LUX","POP","TOT","MLN_PER","A","1981",0.365225,
"LUX","POP","TOT","MLN_PER","A","1982",0.365525,
"LUX","POP","TOT","MLN_PER","A","1983",0.365622,
"LUX","POP","TOT","MLN_PER","A","1984",0.365998,
"LUX","POP","TOT","MLN_PER","A","1985",0.366706,
"LUX","POP","TOT","MLN_PER","A","1986",0.368355,
"LUX","POP","TOT","MLN_PER","A","1987",0.37075,
"LUX","POP","TOT","MLN_PER","A","1988",0.37345,
"LUX","POP","TOT","MLN_PER","A","1989",0.3771,
"LUX","POP","TOT","MLN_PER","A","1990",0.38185,
"LUX","POP","TOT","MLN_PER","A","1991",0.387,
"LUX","POP","TOT","MLN_PER","A","1992",0.392175,
"LUX","POP","TOT","MLN_PER","A","1993",0.397475,
"LUX","POP","TOT","MLN_PER","A","1994",0.402925,
"LUX","POP","TOT","MLN_PER","A","1995",0.408625,
"LUX","POP","TOT","MLN_PER","A","1996",0.414225,
"LUX","POP","TOT","MLN_PER","A","1997",0.41945,
"LUX","POP","TOT","MLN_PER","A","1998",0.4247,
"LUX","POP","TOT","MLN_PER","A","1999",0.430475,
"LUX","POP","TOT","MLN_PER","A","2000",0.4363,
"LUX","POP","TOT","MLN_PER","A","2001",0.4415,
"LUX","POP","TOT","MLN_PER","A","2002",0.4462,
"LUX","POP","TOT","MLN_PER","A","2003",0.45,
"LUX","POP","TOT","MLN_PER","A","2004",0.455,
"LUX","POP","TOT","MLN_PER","A","2005",0.4612,
"LUX","POP","TOT","MLN_PER","A","2006",0.4691,
"LUX","POP","TOT","MLN_PER","A","2007",0.4762,
"LUX","POP","TOT","MLN_PER","A","2008",0.4838,
"LUX","POP","TOT","MLN_PER","A","2009",0.4935,
"LUX","POP","TOT","MLN_PER","A","2010",0.5021,
"LUX","POP","TOT","MLN_PER","A","2011",0.5118,
"LUX","POP","TOT","MLN_PER","A","2012",0.5249,
"LUX","POP","TOT","MLN_PER","A","2013",0.537,
"MEX","POP","TOT","MLN_PER","A","1979",65.68927,
"MEX","POP","TOT","MLN_PER","A","1980",67.38423,
"MEX","POP","TOT","MLN_PER","A","1981",69.08197,
"MEX","POP","TOT","MLN_PER","A","1982",70.78277,
"MEX","POP","TOT","MLN_PER","A","1983",72.47754,
"MEX","POP","TOT","MLN_PER","A","1984",74.15733,
"MEX","POP","TOT","MLN_PER","A","1985",75.82015,
"MEX","POP","TOT","MLN_PER","A","1986",77.46854,
"MEX","POP","TOT","MLN_PER","A","1987",79.10466,
"MEX","POP","TOT","MLN_PER","A","1988",80.73296,
"MEX","POP","TOT","MLN_PER","A","1989",82.35509,
"MEX","POP","TOT","MLN_PER","A","1990",83.97102,
"MEX","POP","TOT","MLN_PER","A","1991",85.58334,
"MEX","POP","TOT","MLN_PER","A","1992",87.18483,
"MEX","POP","TOT","MLN_PER","A","1993",88.75202,
"MEX","POP","TOT","MLN_PER","A","1994",90.26577,
"MEX","POP","TOT","MLN_PER","A","1995",91.72453,
"MEX","POP","TOT","MLN_PER","A","1996",93.13009,
"MEX","POP","TOT","MLN_PER","A","1997",94.47805,
"MEX","POP","TOT","MLN_PER","A","1998",95.79013,
"MEX","POP","TOT","MLN_PER","A","1999",97.11483,
"MEX","POP","TOT","MLN_PER","A","2000",98.43855,
"MEX","POP","TOT","MLN_PER","A","2001",99.71552,
"MEX","POP","TOT","MLN_PER","A","2002",100.9094,
"MEX","POP","TOT","MLN_PER","A","2003",101.9996,
"MEX","POP","TOT","MLN_PER","A","2004",103.0019,
"MEX","POP","TOT","MLN_PER","A","2005",107.151,
"MEX","POP","TOT","MLN_PER","A","2006",108.4088,
"MEX","POP","TOT","MLN_PER","A","2007",109.7874,
"MEX","POP","TOT","MLN_PER","A","2008",111.299,
"MEX","POP","TOT","MLN_PER","A","2009",112.8526,
"MEX","POP","TOT","MLN_PER","A","2010",114.2556,
"MEX","POP","TOT","MLN_PER","A","2011",115.6829,
"MEX","POP","TOT","MLN_PER","A","2012",117.0538,
"MEX","POP","TOT","MLN_PER","A","2013",118.3951,
"MEX","POP","TOT","MLN_PER","A","2014",119.713,
"NLD","POP","TOT","MLN_PER","A","1979",14.03827,
"NLD","POP","TOT","MLN_PER","A","1980",14.1498,
"NLD","POP","TOT","MLN_PER","A","1981",14.24721,
"NLD","POP","TOT","MLN_PER","A","1982",14.31269,
"NLD","POP","TOT","MLN_PER","A","1983",14.36707,
"NLD","POP","TOT","MLN_PER","A","1984",14.42421,
"NLD","POP","TOT","MLN_PER","A","1985",14.49163,
"NLD","POP","TOT","MLN_PER","A","1986",14.57228,
"NLD","POP","TOT","MLN_PER","A","1987",14.66504,
"NLD","POP","TOT","MLN_PER","A","1988",14.76009,
"NLD","POP","TOT","MLN_PER","A","1989",14.84891,
"NLD","POP","TOT","MLN_PER","A","1990",14.95151,
"NLD","POP","TOT","MLN_PER","A","1991",15.0698,
"NLD","POP","TOT","MLN_PER","A","1992",15.18417,
"NLD","POP","TOT","MLN_PER","A","1993",15.29037,
"NLD","POP","TOT","MLN_PER","A","1994",15.38284,
"NLD","POP","TOT","MLN_PER","A","1995",15.45901,
"NLD","POP","TOT","MLN_PER","A","1996",15.5305,
"NLD","POP","TOT","MLN_PER","A","1997",15.61065,
"NLD","POP","TOT","MLN_PER","A","1998",15.70721,
"NLD","POP","TOT","MLN_PER","A","1999",15.81209,
"NLD","POP","TOT","MLN_PER","A","2000",15.92551,
"NLD","POP","TOT","MLN_PER","A","2001",16.04618,
"NLD","POP","TOT","MLN_PER","A","2002",16.14893,
"NLD","POP","TOT","MLN_PER","A","2003",16.2253,
"NLD","POP","TOT","MLN_PER","A","2004",16.28178,
"NLD","POP","TOT","MLN_PER","A","2005",16.31987,
"NLD","POP","TOT","MLN_PER","A","2006",16.3461,
"NLD","POP","TOT","MLN_PER","A","2007",16.3817,
"NLD","POP","TOT","MLN_PER","A","2008",16.44559,
"NLD","POP","TOT","MLN_PER","A","2009",16.53039,
"NLD","POP","TOT","MLN_PER","A","2010",16.61539,
"NLD","POP","TOT","MLN_PER","A","2011",16.69307,"B"
"NLD","POP","TOT","MLN_PER","A","2012",16.75496,
"NZL","POP","TOT","MLN_PER","A","1979",3.124,
"NZL","POP","TOT","MLN_PER","A","1980",3.144,
"NZL","POP","TOT","MLN_PER","A","1981",3.157,
"NZL","POP","TOT","MLN_PER","A","1982",3.183,
"NZL","POP","TOT","MLN_PER","A","1983",3.226,
"NZL","POP","TOT","MLN_PER","A","1984",3.258,
"NZL","POP","TOT","MLN_PER","A","1985",3.272,
"NZL","POP","TOT","MLN_PER","A","1986",3.277,
"NZL","POP","TOT","MLN_PER","A","1987",3.304,
"NZL","POP","TOT","MLN_PER","A","1988",3.317,
"NZL","POP","TOT","MLN_PER","A","1989",3.33,
"NZL","POP","TOT","MLN_PER","A","1990",3.363,"B"
"NZL","POP","TOT","MLN_PER","A","1991",3.4951,
"NZL","POP","TOT","MLN_PER","A","1992",3.5317,
"NZL","POP","TOT","MLN_PER","A","1993",3.5722,
"NZL","POP","TOT","MLN_PER","A","1994",3.6201,
"NZL","POP","TOT","MLN_PER","A","1995",3.6734,
"NZL","POP","TOT","MLN_PER","A","1996",3.732,
"NZL","POP","TOT","MLN_PER","A","1997",3.7814,
"NZL","POP","TOT","MLN_PER","A","1998",3.815,
"NZL","POP","TOT","MLN_PER","A","1999",3.8351,
"NZL","POP","TOT","MLN_PER","A","2000",3.8578,
"NZL","POP","TOT","MLN_PER","A","2001",3.88,
"NZL","POP","TOT","MLN_PER","A","2002",3.948,
"NZL","POP","TOT","MLN_PER","A","2003",4.027,
"NZL","POP","TOT","MLN_PER","A","2004",4.088,
"NZL","POP","TOT","MLN_PER","A","2005",4.134,
"NZL","POP","TOT","MLN_PER","A","2006",4.185,
"NZL","POP","TOT","MLN_PER","A","2007",4.228,
"NZL","POP","TOT","MLN_PER","A","2008",4.269,
"NZL","POP","TOT","MLN_PER","A","2009",4.316,
"NZL","POP","TOT","MLN_PER","A","2010",4.368,
"NZL","POP","TOT","MLN_PER","A","2011",4.405,
"NZL","POP","TOT","MLN_PER","A","2012",4.433,
"NZL","POP","TOT","MLN_PER","A","2013",4.471,
"NOR","POP","TOT","MLN_PER","A","1979",4.073,
"NOR","POP","TOT","MLN_PER","A","1980",4.086,
"NOR","POP","TOT","MLN_PER","A","1981",4.1,
"NOR","POP","TOT","MLN_PER","A","1982",4.115,
"NOR","POP","TOT","MLN_PER","A","1983",4.128,
"NOR","POP","TOT","MLN_PER","A","1984",4.14,
"NOR","POP","TOT","MLN_PER","A","1985",4.153,
"NOR","POP","TOT","MLN_PER","A","1986",4.169,
"NOR","POP","TOT","MLN_PER","A","1987",4.187,
"NOR","POP","TOT","MLN_PER","A","1988",4.209,
"NOR","POP","TOT","MLN_PER","A","1989",4.227,
"NOR","POP","TOT","MLN_PER","A","1990",4.241,
"NOR","POP","TOT","MLN_PER","A","1991",4.262,
"NOR","POP","TOT","MLN_PER","A","1992",4.287,
"NOR","POP","TOT","MLN_PER","A","1993",4.312,
"NOR","POP","TOT","MLN_PER","A","1994",4.337,
"NOR","POP","TOT","MLN_PER","A","1995",4.358979,
"NOR","POP","TOT","MLN_PER","A","1996",4.381335,
"NOR","POP","TOT","MLN_PER","A","1997",4.405157,
"NOR","POP","TOT","MLN_PER","A","1998",4.431464,
"NOR","POP","TOT","MLN_PER","A","1999",4.462,
"NOR","POP","TOT","MLN_PER","A","2000",4.491,
"NOR","POP","TOT","MLN_PER","A","2001",4.514,
"NOR","POP","TOT","MLN_PER","A","2002",4.538,
"NOR","POP","TOT","MLN_PER","A","2003",4.564,
"NOR","POP","TOT","MLN_PER","A","2004",4.59191,
"NOR","POP","TOT","MLN_PER","A","2005",4.623291,
"NOR","POP","TOT","MLN_PER","A","2006",4.661,
"NOR","POP","TOT","MLN_PER","A","2007",4.709,
"NOR","POP","TOT","MLN_PER","A","2008",4.768,
"NOR","POP","TOT","MLN_PER","A","2009",4.828726,
"NOR","POP","TOT","MLN_PER","A","2010",4.889,
"NOR","POP","TOT","MLN_PER","A","2011",4.953,
"NOR","POP","TOT","MLN_PER","A","2012",5.019,
"NOR","POP","TOT","MLN_PER","A","2013",5.08,
"NOR","POP","TOT","MLN_PER","A","2014",5.137,
"POL","POP","TOT","MLN_PER","A","1979",35.257,
"POL","POP","TOT","MLN_PER","A","1980",35.578,
"POL","POP","TOT","MLN_PER","A","1981",35.902,
"POL","POP","TOT","MLN_PER","A","1982",36.227,
"POL","POP","TOT","MLN_PER","A","1983",36.571,
"POL","POP","TOT","MLN_PER","A","1984",36.914,
"POL","POP","TOT","MLN_PER","A","1985",37.203,
"POL","POP","TOT","MLN_PER","A","1986",37.456,
"POL","POP","TOT","MLN_PER","A","1987",37.664,
"POL","POP","TOT","MLN_PER","A","1988",37.862,
"POL","POP","TOT","MLN_PER","A","1989",37.937,
"POL","POP","TOT","MLN_PER","A","1990",38.031,
"POL","POP","TOT","MLN_PER","A","1991",38.109,
"POL","POP","TOT","MLN_PER","A","1992",38.173,
"POL","POP","TOT","MLN_PER","A","1993",38.221,
"POL","POP","TOT","MLN_PER","A","1994",38.252,
"POL","POP","TOT","MLN_PER","A","1995",38.275,
"POL","POP","TOT","MLN_PER","A","1996",38.289,
"POL","POP","TOT","MLN_PER","A","1997",38.292,
"POL","POP","TOT","MLN_PER","A","1998",38.283,
"POL","POP","TOT","MLN_PER","A","1999",38.27,"B"
"POL","POP","TOT","MLN_PER","A","2000",38.256,
"POL","POP","TOT","MLN_PER","A","2001",38.251,
"POL","POP","TOT","MLN_PER","A","2002",38.232,
"POL","POP","TOT","MLN_PER","A","2003",38.195,
"POL","POP","TOT","MLN_PER","A","2004",38.18,
"POL","POP","TOT","MLN_PER","A","2005",38.161,
"POL","POP","TOT","MLN_PER","A","2006",38.132,
"POL","POP","TOT","MLN_PER","A","2007",38.116,
"POL","POP","TOT","MLN_PER","A","2008",38.116,
"POL","POP","TOT","MLN_PER","A","2009",38.153,
"POL","POP","TOT","MLN_PER","A","2010",38.517,
"POL","POP","TOT","MLN_PER","A","2011",38.526,
"POL","POP","TOT","MLN_PER","A","2012",38.534,
"POL","POP","TOT","MLN_PER","A","2013",38.502,
"POL","POP","TOT","MLN_PER","A","2014",38.484,
"PRT","POP","TOT","MLN_PER","A","1979",9.661265,
"PRT","POP","TOT","MLN_PER","A","1980",9.766312,
"PRT","POP","TOT","MLN_PER","A","1981",9.851362,
"PRT","POP","TOT","MLN_PER","A","1982",9.91177,
"PRT","POP","TOT","MLN_PER","A","1983",9.957865,
"PRT","POP","TOT","MLN_PER","A","1984",9.996232,
"PRT","POP","TOT","MLN_PER","A","1985",10.02361,
"PRT","POP","TOT","MLN_PER","A","1986",10.03273,
"PRT","POP","TOT","MLN_PER","A","1987",10.03003,
"PRT","POP","TOT","MLN_PER","A","1988",10.01961,
"PRT","POP","TOT","MLN_PER","A","1989",10.005,
"PRT","POP","TOT","MLN_PER","A","1990",9.983218,
"PRT","POP","TOT","MLN_PER","A","1991",9.960235,
"PRT","POP","TOT","MLN_PER","A","1992",9.952493,
"PRT","POP","TOT","MLN_PER","A","1993",9.964674,
"PRT","POP","TOT","MLN_PER","A","1994",9.991525,
"PRT","POP","TOT","MLN_PER","A","1995",10.02618,
"PRT","POP","TOT","MLN_PER","A","1996",10.06394,
"PRT","POP","TOT","MLN_PER","A","1997",10.10898,
"PRT","POP","TOT","MLN_PER","A","1998",10.1602,
"PRT","POP","TOT","MLN_PER","A","1999",10.21783,
"PRT","POP","TOT","MLN_PER","A","2000",10.2899,
"PRT","POP","TOT","MLN_PER","A","2001",10.36272,
"PRT","POP","TOT","MLN_PER","A","2002",10.41963,
"PRT","POP","TOT","MLN_PER","A","2003",10.45882,
"PRT","POP","TOT","MLN_PER","A","2004",10.48386,
"PRT","POP","TOT","MLN_PER","A","2005",10.50333,
"PRT","POP","TOT","MLN_PER","A","2006",10.52229,
"PRT","POP","TOT","MLN_PER","A","2007",10.54296,
"PRT","POP","TOT","MLN_PER","A","2008",10.55818,
"PRT","POP","TOT","MLN_PER","A","2009",10.56825,
"PRT","POP","TOT","MLN_PER","A","2010",10.5731,
"PRT","POP","TOT","MLN_PER","A","2011",10.55756,
"PRT","POP","TOT","MLN_PER","A","2012",10.51484,"B"
"PRT","POP","TOT","MLN_PER","A","2013",10.72293,
"SVK","POP","TOT","MLN_PER","A","1979",4.938972,
"SVK","POP","TOT","MLN_PER","A","1980",4.979815,
"SVK","POP","TOT","MLN_PER","A","1981",5.016105,
"SVK","POP","TOT","MLN_PER","A","1982",5.055098,
"SVK","POP","TOT","MLN_PER","A","1983",5.091971,
"SVK","POP","TOT","MLN_PER","A","1984",5.127097,
"SVK","POP","TOT","MLN_PER","A","1985",5.161767,
"SVK","POP","TOT","MLN_PER","A","1986",5.193837,
"SVK","POP","TOT","MLN_PER","A","1987",5.22284,
"SVK","POP","TOT","MLN_PER","A","1988",5.250596,
"SVK","POP","TOT","MLN_PER","A","1989",5.275941,
"SVK","POP","TOT","MLN_PER","A","1990",5.299187,
"SVK","POP","TOT","MLN_PER","A","1991",5.303294,
"SVK","POP","TOT","MLN_PER","A","1992",5.305016,
"SVK","POP","TOT","MLN_PER","A","1993",5.325305,
"SVK","POP","TOT","MLN_PER","A","1994",5.346331,
"SVK","POP","TOT","MLN_PER","A","1995",5.361998,
"SVK","POP","TOT","MLN_PER","A","1996",5.373361,
"SVK","POP","TOT","MLN_PER","A","1997",5.383291,
"SVK","POP","TOT","MLN_PER","A","1998",5.390516,
"SVK","POP","TOT","MLN_PER","A","1999",5.396019,
"SVK","POP","TOT","MLN_PER","A","2000",5.38872,
"SVK","POP","TOT","MLN_PER","A","2001",5.378867,
"SVK","POP","TOT","MLN_PER","A","2002",5.376912,
"SVK","POP","TOT","MLN_PER","A","2003",5.373374,
"SVK","POP","TOT","MLN_PER","A","2004",5.37228,
"SVK","POP","TOT","MLN_PER","A","2005",5.372806,
"SVK","POP","TOT","MLN_PER","A","2006",5.373054,
"SVK","POP","TOT","MLN_PER","A","2007",5.374622,
"SVK","POP","TOT","MLN_PER","A","2008",5.379232,
"SVK","POP","TOT","MLN_PER","A","2009",5.386405,
"SVK","POP","TOT","MLN_PER","A","2010",5.391428,
"SVK","POP","TOT","MLN_PER","A","2011",5.398384,
"SVK","POP","TOT","MLN_PER","A","2012",5.407579,
"SVK","POP","TOT","MLN_PER","A","2013",5.415949,
"ESP","POP","TOT","MLN_PER","A","1979",37.28901,
"ESP","POP","TOT","MLN_PER","A","1980",37.52691,
"ESP","POP","TOT","MLN_PER","A","1981",37.76446,
"ESP","POP","TOT","MLN_PER","A","1982",37.98711,
"ESP","POP","TOT","MLN_PER","A","1983",38.16026,
"ESP","POP","TOT","MLN_PER","A","1984",38.32524,
"ESP","POP","TOT","MLN_PER","A","1985",38.46702,
"ESP","POP","TOT","MLN_PER","A","1986",38.57194,
"ESP","POP","TOT","MLN_PER","A","1987",38.68232,
"ESP","POP","TOT","MLN_PER","A","1988",38.76431,
"ESP","POP","TOT","MLN_PER","A","1989",38.82138,
"ESP","POP","TOT","MLN_PER","A","1990",38.86083,
"ESP","POP","TOT","MLN_PER","A","1991",38.94162,
"ESP","POP","TOT","MLN_PER","A","1992",39.14794,
"ESP","POP","TOT","MLN_PER","A","1993",39.35608,
"ESP","POP","TOT","MLN_PER","A","1994",39.54735,
"ESP","POP","TOT","MLN_PER","A","1995",39.71889,
"ESP","POP","TOT","MLN_PER","A","1996",39.88425,
"ESP","POP","TOT","MLN_PER","A","1997",40.04997,
"ESP","POP","TOT","MLN_PER","A","1998",40.21407,
"ESP","POP","TOT","MLN_PER","A","1999",40.36967,
"ESP","POP","TOT","MLN_PER","A","2000",40.55439,
"ESP","POP","TOT","MLN_PER","A","2001",40.76605,
"ESP","POP","TOT","MLN_PER","A","2002",41.42352,
"ESP","POP","TOT","MLN_PER","A","2003",42.19623,
"ESP","POP","TOT","MLN_PER","A","2004",42.85917,
"ESP","POP","TOT","MLN_PER","A","2005",43.66261,
"ESP","POP","TOT","MLN_PER","A","2006",44.36052,
"ESP","POP","TOT","MLN_PER","A","2007",45.236,
"ESP","POP","TOT","MLN_PER","A","2008",45.98317,
"ESP","POP","TOT","MLN_PER","A","2009",46.36755,
"ESP","POP","TOT","MLN_PER","A","2010",46.56248,
"ESP","POP","TOT","MLN_PER","A","2011",46.73626,
"ESP","POP","TOT","MLN_PER","A","2012",46.7664,
"ESP","POP","TOT","MLN_PER","A","2013",46.59323,
"ESP","POP","TOT","MLN_PER","A","2014",46.46405,
"SWE","POP","TOT","MLN_PER","A","1979",8.293677,
"SWE","POP","TOT","MLN_PER","A","1980",8.31053,
"SWE","POP","TOT","MLN_PER","A","1981",8.320502,
"SWE","POP","TOT","MLN_PER","A","1982",8.325263,
"SWE","POP","TOT","MLN_PER","A","1983",8.329032,
"SWE","POP","TOT","MLN_PER","A","1984",8.336605,
"SWE","POP","TOT","MLN_PER","A","1985",8.350386,
"SWE","POP","TOT","MLN_PER","A","1986",8.369829,
"SWE","POP","TOT","MLN_PER","A","1987",8.397804,
"SWE","POP","TOT","MLN_PER","A","1988",8.436488,
"SWE","POP","TOT","MLN_PER","A","1989",8.492963,
"SWE","POP","TOT","MLN_PER","A","1990",8.558834,
"SWE","POP","TOT","MLN_PER","A","1991",8.617375,
"SWE","POP","TOT","MLN_PER","A","1992",8.668066,
"SWE","POP","TOT","MLN_PER","A","1993",8.718561,
"SWE","POP","TOT","MLN_PER","A","1994",8.780745,
"SWE","POP","TOT","MLN_PER","A","1995",8.826938,
"SWE","POP","TOT","MLN_PER","A","1996",8.840997,
"SWE","POP","TOT","MLN_PER","A","1997",8.846062,
"SWE","POP","TOT","MLN_PER","A","1998",8.850973,
"SWE","POP","TOT","MLN_PER","A","1999",8.857874,
"SWE","POP","TOT","MLN_PER","A","2000",8.872109,
"SWE","POP","TOT","MLN_PER","A","2001",8.89596,
"SWE","POP","TOT","MLN_PER","A","2002",8.924958,
"SWE","POP","TOT","MLN_PER","A","2003",8.958229,
"SWE","POP","TOT","MLN_PER","A","2004",8.993531,
"SWE","POP","TOT","MLN_PER","A","2005",9.029572,
"SWE","POP","TOT","MLN_PER","A","2006",9.080504,
"SWE","POP","TOT","MLN_PER","A","2007",9.148092,
"SWE","POP","TOT","MLN_PER","A","2008",9.219637,
"SWE","POP","TOT","MLN_PER","A","2009",9.298514,
"SWE","POP","TOT","MLN_PER","A","2010",9.378126,
"SWE","POP","TOT","MLN_PER","A","2011",9.449212,
"SWE","POP","TOT","MLN_PER","A","2012",9.519374,"B"
"CHE","POP","TOT","MLN_PER","A","1979",6.294364,
"CHE","POP","TOT","MLN_PER","A","1980",6.319409,
"CHE","POP","TOT","MLN_PER","A","1981",6.354073,
"CHE","POP","TOT","MLN_PER","A","1982",6.391309,
"CHE","POP","TOT","MLN_PER","A","1983",6.418774,
"CHE","POP","TOT","MLN_PER","A","1984",6.441865,
"CHE","POP","TOT","MLN_PER","A","1985",6.470366,
"CHE","POP","TOT","MLN_PER","A","1986",6.504125,
"CHE","POP","TOT","MLN_PER","A","1987",6.545107,
"CHE","POP","TOT","MLN_PER","A","1988",6.593387,
"CHE","POP","TOT","MLN_PER","A","1989",6.646912,
"CHE","POP","TOT","MLN_PER","A","1990",6.712273,
"CHE","POP","TOT","MLN_PER","A","1991",6.799979,
"CHE","POP","TOT","MLN_PER","A","1992",6.875364,
"CHE","POP","TOT","MLN_PER","A","1993",6.938265,
"CHE","POP","TOT","MLN_PER","A","1994",6.993795,
"CHE","POP","TOT","MLN_PER","A","1995",7.040687,
"CHE","POP","TOT","MLN_PER","A","1996",7.071851,
"CHE","POP","TOT","MLN_PER","A","1997",7.088906,
"CHE","POP","TOT","MLN_PER","A","1998",7.110002,
"CHE","POP","TOT","MLN_PER","A","1999",7.143991,
"CHE","POP","TOT","MLN_PER","A","2000",7.18425,
"CHE","POP","TOT","MLN_PER","A","2001",7.226647,
"CHE","POP","TOT","MLN_PER","A","2002",7.284754,
"CHE","POP","TOT","MLN_PER","A","2003",7.339,
"CHE","POP","TOT","MLN_PER","A","2004",7.389625,
"CHE","POP","TOT","MLN_PER","A","2005",7.437115,
"CHE","POP","TOT","MLN_PER","A","2006",7.483934,
"CHE","POP","TOT","MLN_PER","A","2007",7.551117,
"CHE","POP","TOT","MLN_PER","A","2008",7.647675,
"CHE","POP","TOT","MLN_PER","A","2009",7.743831,
"CHE","POP","TOT","MLN_PER","A","2010",7.82797,
"CHE","POP","TOT","MLN_PER","A","2011",7.912398,
"CHE","POP","TOT","MLN_PER","A","2012",7.996861,
"CHE","POP","TOT","MLN_PER","A","2013",8.14,
"TUR","POP","TOT","MLN_PER","A","1979",43.531,
"TUR","POP","TOT","MLN_PER","A","1980",44.439,
"TUR","POP","TOT","MLN_PER","A","1981",45.54,
"TUR","POP","TOT","MLN_PER","A","1982",46.688,
"TUR","POP","TOT","MLN_PER","A","1983",47.864,
"TUR","POP","TOT","MLN_PER","A","1984",49.07,
"TUR","POP","TOT","MLN_PER","A","1985",50.307,
"TUR","POP","TOT","MLN_PER","A","1986",51.48,
"TUR","POP","TOT","MLN_PER","A","1987",52.37,
"TUR","POP","TOT","MLN_PER","A","1988",53.268,
"TUR","POP","TOT","MLN_PER","A","1989",54.192,
"TUR","POP","TOT","MLN_PER","A","1990",55.12,
"TUR","POP","TOT","MLN_PER","A","1991",56.055,
"TUR","POP","TOT","MLN_PER","A","1992",56.986,
"TUR","POP","TOT","MLN_PER","A","1993",57.913,
"TUR","POP","TOT","MLN_PER","A","1994",58.837,
"TUR","POP","TOT","MLN_PER","A","1995",59.756,
"TUR","POP","TOT","MLN_PER","A","1996",60.671,
"TUR","POP","TOT","MLN_PER","A","1997",61.582,
"TUR","POP","TOT","MLN_PER","A","1998",62.464,
"TUR","POP","TOT","MLN_PER","A","1999",63.364,
"TUR","POP","TOT","MLN_PER","A","2000",64.26875,
"TUR","POP","TOT","MLN_PER","A","2001",65.16633,
"TUR","POP","TOT","MLN_PER","A","2002",66.00251,
"TUR","POP","TOT","MLN_PER","A","2003",66.79455,
"TUR","POP","TOT","MLN_PER","A","2004",67.59873,
"TUR","POP","TOT","MLN_PER","A","2005",68.43538,
"TUR","POP","TOT","MLN_PER","A","2006",69.29525,
"TUR","POP","TOT","MLN_PER","A","2007",70.15811,
"TUR","POP","TOT","MLN_PER","A","2008",71.05168,
"TUR","POP","TOT","MLN_PER","A","2009",72.0392,
"TUR","POP","TOT","MLN_PER","A","2010",73.14215,
"TUR","POP","TOT","MLN_PER","A","2011",74.22363,
"TUR","POP","TOT","MLN_PER","A","2012",75.17583,
"TUR","POP","TOT","MLN_PER","A","2013",76.05462,
"GBR","POP","TOT","MLN_PER","A","1979",56.24,
"GBR","POP","TOT","MLN_PER","A","1980",56.33,
"GBR","POP","TOT","MLN_PER","A","1981",56.357,
"GBR","POP","TOT","MLN_PER","A","1982",56.291,
"GBR","POP","TOT","MLN_PER","A","1983",56.316,
"GBR","POP","TOT","MLN_PER","A","1984",56.409,
"GBR","POP","TOT","MLN_PER","A","1985",56.554,
"GBR","POP","TOT","MLN_PER","A","1986",56.684,
"GBR","POP","TOT","MLN_PER","A","1987",56.804,
"GBR","POP","TOT","MLN_PER","A","1988",56.916,
"GBR","POP","TOT","MLN_PER","A","1989",57.076,
"GBR","POP","TOT","MLN_PER","A","1990",57.237,
"GBR","POP","TOT","MLN_PER","A","1991",57.439,
"GBR","POP","TOT","MLN_PER","A","1992",57.585,
"GBR","POP","TOT","MLN_PER","A","1993",57.714,
"GBR","POP","TOT","MLN_PER","A","1994",57.862,
"GBR","POP","TOT","MLN_PER","A","1995",58.025,
"GBR","POP","TOT","MLN_PER","A","1996",58.164,
"GBR","POP","TOT","MLN_PER","A","1997",58.314,
"GBR","POP","TOT","MLN_PER","A","1998",58.475,
"GBR","POP","TOT","MLN_PER","A","1999",58.684,
"GBR","POP","TOT","MLN_PER","A","2000",58.886,
"GBR","POP","TOT","MLN_PER","A","2001",59.113,
"GBR","POP","TOT","MLN_PER","A","2002",59.323,
"GBR","POP","TOT","MLN_PER","A","2003",59.557,"B"
"GBR","POP","TOT","MLN_PER","A","2004",59.031,
"GBR","POP","TOT","MLN_PER","A","2005",59.408,
"GBR","POP","TOT","MLN_PER","A","2006",59.751,
"GBR","POP","TOT","MLN_PER","A","2007",60.137,
"GBR","POP","TOT","MLN_PER","A","2008",60.54,
"GBR","POP","TOT","MLN_PER","A","2009",60.927,
"GBR","POP","TOT","MLN_PER","A","2010",61.344,
"GBR","POP","TOT","MLN_PER","A","2011",63.2851,
"GBR","POP","TOT","MLN_PER","A","2012",63.705,
"GBR","POP","TOT","MLN_PER","A","2013",62.57141,"B"
"USA","POP","TOT","MLN_PER","A","1979",225.0555,
"USA","POP","TOT","MLN_PER","A","1980",227.2247,
"USA","POP","TOT","MLN_PER","A","1981",229.4657,
"USA","POP","TOT","MLN_PER","A","1982",231.6645,
"USA","POP","TOT","MLN_PER","A","1983",233.792,
"USA","POP","TOT","MLN_PER","A","1984",235.8249,
"USA","POP","TOT","MLN_PER","A","1985",237.9238,
"USA","POP","TOT","MLN_PER","A","1986",240.1329,
"USA","POP","TOT","MLN_PER","A","1987",242.2889,
"USA","POP","TOT","MLN_PER","A","1988",244.499,
"USA","POP","TOT","MLN_PER","A","1989",246.8192,
"USA","POP","TOT","MLN_PER","A","1990",249.6228,
"USA","POP","TOT","MLN_PER","A","1991",252.9809,
"USA","POP","TOT","MLN_PER","A","1992",256.5142,
"USA","POP","TOT","MLN_PER","A","1993",259.9186,
"USA","POP","TOT","MLN_PER","A","1994",263.1258,
"USA","POP","TOT","MLN_PER","A","1995",266.2784,
"USA","POP","TOT","MLN_PER","A","1996",269.3943,
"USA","POP","TOT","MLN_PER","A","1997",272.6469,
"USA","POP","TOT","MLN_PER","A","1998",275.8541,
"USA","POP","TOT","MLN_PER","A","1999",279.0402,
"USA","POP","TOT","MLN_PER","A","2000",282.1624,
"USA","POP","TOT","MLN_PER","A","2001",284.969,
"USA","POP","TOT","MLN_PER","A","2002",287.6252,
"USA","POP","TOT","MLN_PER","A","2003",290.1079,
"USA","POP","TOT","MLN_PER","A","2004",292.8053,
"USA","POP","TOT","MLN_PER","A","2005",295.5166,
"USA","POP","TOT","MLN_PER","A","2006",298.3799,
"USA","POP","TOT","MLN_PER","A","2007",301.2312,
"USA","POP","TOT","MLN_PER","A","2008",304.094,
"USA","POP","TOT","MLN_PER","A","2009",306.7715,
"USA","POP","TOT","MLN_PER","A","2010",309.3263,
"USA","POP","TOT","MLN_PER","A","2011",311.5826,
"USA","POP","TOT","MLN_PER","A","2012",313.8737,
"USA","POP","TOT","MLN_PER","A","2013",316.129,
"CHL","POP","TOT","MLN_PER","A","1979",11.02198,
"CHL","POP","TOT","MLN_PER","A","1980",11.17417,
"CHL","POP","TOT","MLN_PER","A","1981",11.35977,
"CHL","POP","TOT","MLN_PER","A","1982",11.54537,
"CHL","POP","TOT","MLN_PER","A","1983",11.73097,
"CHL","POP","TOT","MLN_PER","A","1984",11.91657,
"CHL","POP","TOT","MLN_PER","A","1985",12.10217,
"CHL","POP","TOT","MLN_PER","A","1986",12.31749,
"CHL","POP","TOT","MLN_PER","A","1987",12.53282,
"CHL","POP","TOT","MLN_PER","A","1988",12.74813,
"CHL","POP","TOT","MLN_PER","A","1989",12.96346,
"CHL","POP","TOT","MLN_PER","A","1990",13.17878,
"CHL","POP","TOT","MLN_PER","A","1991",13.42201,
"CHL","POP","TOT","MLN_PER","A","1992",13.66524,
"CHL","POP","TOT","MLN_PER","A","1993",13.90847,
"CHL","POP","TOT","MLN_PER","A","1994",14.15171,
"CHL","POP","TOT","MLN_PER","A","1995",14.39494,
"CHL","POP","TOT","MLN_PER","A","1996",14.5955,
"CHL","POP","TOT","MLN_PER","A","1997",14.79608,
"CHL","POP","TOT","MLN_PER","A","1998",14.99665,
"CHL","POP","TOT","MLN_PER","A","1999",15.19721,
"CHL","POP","TOT","MLN_PER","A","2000",15.39778,
"CHL","POP","TOT","MLN_PER","A","2001",15.57168,
"CHL","POP","TOT","MLN_PER","A","2002",15.74558,
"CHL","POP","TOT","MLN_PER","A","2003",15.91948,
"CHL","POP","TOT","MLN_PER","A","2004",16.09338,
"CHL","POP","TOT","MLN_PER","A","2005",16.26728,
"CHL","POP","TOT","MLN_PER","A","2006",16.43267,
"CHL","POP","TOT","MLN_PER","A","2007",16.59807,
"CHL","POP","TOT","MLN_PER","A","2008",16.76347,
"CHL","POP","TOT","MLN_PER","A","2009",16.92887,
"CHL","POP","TOT","MLN_PER","A","2010",17.09428,
"CHL","POP","TOT","MLN_PER","A","2011",17.248,
"CHL","POP","TOT","MLN_PER","A","2012",17.40294,
"CHL","POP","TOT","MLN_PER","A","2013",17.557,
"EST","POP","TOT","MLN_PER","A","1979",1.468333,
"EST","POP","TOT","MLN_PER","A","1980",1.477218,
"EST","POP","TOT","MLN_PER","A","1981",1.487666,
"EST","POP","TOT","MLN_PER","A","1982",1.498414,
"EST","POP","TOT","MLN_PER","A","1983",1.508745,
"EST","POP","TOT","MLN_PER","A","1984",1.518616,
"EST","POP","TOT","MLN_PER","A","1985",1.528781,
"EST","POP","TOT","MLN_PER","A","1986",1.54019,
"EST","POP","TOT","MLN_PER","A","1987",1.55222,
"EST","POP","TOT","MLN_PER","A","1988",1.561899,
"EST","POP","TOT","MLN_PER","A","1989",1.56813,
"EST","POP","TOT","MLN_PER","A","1990",1.569174,
"EST","POP","TOT","MLN_PER","A","1991",1.561313,
"EST","POP","TOT","MLN_PER","A","1992",1.53309,
"EST","POP","TOT","MLN_PER","A","1993",1.494127,
"EST","POP","TOT","MLN_PER","A","1994",1.462513,
"EST","POP","TOT","MLN_PER","A","1995",1.436633,
"EST","POP","TOT","MLN_PER","A","1996",1.415594,
"EST","POP","TOT","MLN_PER","A","1997",1.399535,
"EST","POP","TOT","MLN_PER","A","1998",1.386155,
"EST","POP","TOT","MLN_PER","A","1999",1.380619,
"EST","POP","TOT","MLN_PER","A","2000",1.40125,
"EST","POP","TOT","MLN_PER","A","2001",1.39272,
"EST","POP","TOT","MLN_PER","A","2002",1.38351,
"EST","POP","TOT","MLN_PER","A","2003",1.37519,
"EST","POP","TOT","MLN_PER","A","2004",1.36625,
"EST","POP","TOT","MLN_PER","A","2005",1.35885,
"EST","POP","TOT","MLN_PER","A","2006",1.3507,
"EST","POP","TOT","MLN_PER","A","2007",1.34292,
"EST","POP","TOT","MLN_PER","A","2008",1.33844,
"EST","POP","TOT","MLN_PER","A","2009",1.33574,
"EST","POP","TOT","MLN_PER","A","2010",1.33329,
"EST","POP","TOT","MLN_PER","A","2011",1.32966,
"EST","POP","TOT","MLN_PER","A","2012",1.325217,
"EST","POP","TOT","MLN_PER","A","2013",1.320174,
"ISR","POP","TOT","MLN_PER","A","1979",3.8363,
"ISR","POP","TOT","MLN_PER","A","1980",3.9217,
"ISR","POP","TOT","MLN_PER","A","1981",3.9498,
"ISR","POP","TOT","MLN_PER","A","1982",4.0207,
"ISR","POP","TOT","MLN_PER","A","1983",4.1061,
"ISR","POP","TOT","MLN_PER","A","1984",4.1591,
"ISR","POP","TOT","MLN_PER","A","1985",4.233,
"ISR","POP","TOT","MLN_PER","A","1986",4.2988,
"ISR","POP","TOT","MLN_PER","A","1987",4.3689,
"ISR","POP","TOT","MLN_PER","A","1988",4.4417,
"ISR","POP","TOT","MLN_PER","A","1989",4.5182,
"ISR","POP","TOT","MLN_PER","A","1990",4.6602,
"ISR","POP","TOT","MLN_PER","A","1991",4.9491,
"ISR","POP","TOT","MLN_PER","A","1992",5.1235,
"ISR","POP","TOT","MLN_PER","A","1993",5.2614,
"ISR","POP","TOT","MLN_PER","A","1994",5.3993,
"ISR","POP","TOT","MLN_PER","A","1995",5.5449,
"ISR","POP","TOT","MLN_PER","A","1996",5.6851,
"ISR","POP","TOT","MLN_PER","A","1997",5.8289,
"ISR","POP","TOT","MLN_PER","A","1998",5.9707,
"ISR","POP","TOT","MLN_PER","A","1999",6.1253,
"ISR","POP","TOT","MLN_PER","A","2000",6.2892,
"ISR","POP","TOT","MLN_PER","A","2001",6.439,
"ISR","POP","TOT","MLN_PER","A","2002",6.57,
"ISR","POP","TOT","MLN_PER","A","2003",6.6897,
"ISR","POP","TOT","MLN_PER","A","2004",6.809,
"ISR","POP","TOT","MLN_PER","A","2005",6.9301,
"ISR","POP","TOT","MLN_PER","A","2006",7.0537,
"ISR","POP","TOT","MLN_PER","A","2007",7.1801,
"ISR","POP","TOT","MLN_PER","A","2008",7.3088,
"ISR","POP","TOT","MLN_PER","A","2009",7.4856,
"ISR","POP","TOT","MLN_PER","A","2010",7.6236,
"ISR","POP","TOT","MLN_PER","A","2011",7.7658,
"ISR","POP","TOT","MLN_PER","A","2012",7.9105,
"ISR","POP","TOT","MLN_PER","A","2013",8.05673,"E"
"SVN","POP","TOT","MLN_PER","A","1979",1.824001,
"SVN","POP","TOT","MLN_PER","A","1980",1.884477,
"SVN","POP","TOT","MLN_PER","A","1981",1.896133,
"SVN","POP","TOT","MLN_PER","A","1982",1.910335,
"SVN","POP","TOT","MLN_PER","A","1983",1.922322,
"SVN","POP","TOT","MLN_PER","A","1984",1.932154,
"SVN","POP","TOT","MLN_PER","A","1985",1.94164,
"SVN","POP","TOT","MLN_PER","A","1986",1.980718,
"SVN","POP","TOT","MLN_PER","A","1987",1.989462,
"SVN","POP","TOT","MLN_PER","A","1988",1.999988,
"SVN","POP","TOT","MLN_PER","A","1989",1.999404,
"SVN","POP","TOT","MLN_PER","A","1990",1.99809,
"SVN","POP","TOT","MLN_PER","A","1991",2.001768,
"SVN","POP","TOT","MLN_PER","A","1992",1.995832,
"SVN","POP","TOT","MLN_PER","A","1993",1.990623,
"SVN","POP","TOT","MLN_PER","A","1994",1.98885,
"SVN","POP","TOT","MLN_PER","A","1995",1.987505,
"SVN","POP","TOT","MLN_PER","A","1996",1.991169,
"SVN","POP","TOT","MLN_PER","A","1997",1.986848,
"SVN","POP","TOT","MLN_PER","A","1998",1.982603,
"SVN","POP","TOT","MLN_PER","A","1999",1.985557,
"SVN","POP","TOT","MLN_PER","A","2000",1.990272,
"SVN","POP","TOT","MLN_PER","A","2001",1.992035,
"SVN","POP","TOT","MLN_PER","A","2002",1.995718,
"SVN","POP","TOT","MLN_PER","A","2003",1.996773,
"SVN","POP","TOT","MLN_PER","A","2004",1.997004,
"SVN","POP","TOT","MLN_PER","A","2005",2.001114,
"SVN","POP","TOT","MLN_PER","A","2006",2.008516,
"SVN","POP","TOT","MLN_PER","A","2007",2.019406,
"SVN","POP","TOT","MLN_PER","A","2008",2.022629,"B"
"SVN","POP","TOT","MLN_PER","A","2009",2.042335,
"SVN","POP","TOT","MLN_PER","A","2010",2.049261,
"SVN","POP","TOT","MLN_PER","A","2011",2.052496,
"SVN","POP","TOT","MLN_PER","A","2012",2.056262,
